,Basis_Action_1,Basis_Action_2,Basis_Action_3,Basis_Action_4,Basis_Action_5,Basis_Action_6,Basis_Action_7,Basis_Action_8
0,90.49585272926922,1.625989889264369e-05,90.49585306056204,5.570129012125637e-08,1.5225586598790252e-05,7.076761440777288e-07,1.5749241483860914e-05,1.4285343525412677e-05
1,12.148319833762995,36.43044428825079,38.3736117917266,4.5985046126062775e-08,12.148317458159386,36.43044422464463,12.148319341531813,8.7349071084188e-07
2,78.36204509898734,12.148319073165977,104.58732176182863,3.816820339332988e-08,12.148319033873543,12.14831787070884,12.148318640610619,3.0589934675849976e-07
3,12.133809701462487,12.133810078142838,12.133810287517726,6.053262655243511e-08,1.4808139808830768e-05,12.133809422022392,12.133809571813758,1.527564555095738e-05
4,24.28212746404487,24.282141474983707,24.282143090459996,6.351813383306849e-08,1.3649872440225216e-05,24.282127061611934,1.6450162674236413e-05,1.4852934889290018e-05
5,36.76083018720141,252.77151177253197,36.76083032365798,3.1759056806732824e-07,36.760830092033174,1.4776814518288429e-07,3.173570658859407e-08,36.76082978133185
6,37.04372925760823,37.043730219508554,37.04373033849838,4.1198782614770095e-08,0.28290422150258493,35.10057561516237,37.0437290417961,22.95224178913004
7,32.762151915819146,224.49072343992316,41.35452648450394,2.818312839771331e-07,6.536865128845196,4.593699676331158,6.536866404526408,41.354526137488946
8,5.8260104542745196e-05,26.225333710816937,26.22533395023067,5.5715234462885825e-08,6.049980002365515e-07,3.760751659198272e-07,3.305284094121759e-06,3.028526346327521e-06
9,8.592322040201273,69.56114687734949,8.518158419544813,2.7096320680752476e-07,69.56114673497167,3.3858805989820725e-08,8.51815801113381,1.1330511920057996e-06
10,5.02878042435559e-06,28.168509836025503,5.951324360872482e-06,2.2474817185437138e-07,6.131253777843667e-08,4.551644986583531e-06,4.974720578293129e-06,3.817617218065291e-06
11,7.048391342965634e-05,1.5128846903622711e-05,71.60207772238856,7.467680625857053e-06,3.318180590325343e-07,1.4761757752112291e-05,1.5039450241226539e-05,7.691887520973079e-06
12,7.470892966422881e-06,8.872029154415504e-06,9.30637649994115e-06,4.1152187389516386e-08,4.888639154868894e-07,5.645575288146849e-07,9.206421071377836e-06,6.043296656875697e-06
13,2.0711806059303196e-06,24.282112891409923,26.225278988784343,4.299954073880047e-08,12.148318616426751,24.28212658505509,24.282112463182894,1.2962013720257243e-06
14,1.4595367748001088e-05,1.6132494387536607e-05,45.37674834121176,2.3202377048356657e-08,1.6340995549316386e-07,9.591021093862138e-06,1.5954297937216432e-05,1.449008474781837e-05
15,24.28225320272152,8.608134094120691e-05,24.28225337680487,7.540154570423622e-06,1.6329585977261507e-07,7.761937970107771e-05,7.948462810323342e-08,7.394907596353123e-06
16,57.29810248780994,57.29810259260416,59.91592739733931,57.29810233142167,3.1285799294511325e-07,39.46532825907931,39.46532680216221,3.686560571305607e-08
17,101.4826563242677,41.15361515404867,78.73703990606961,3.481101697925619e-08,41.15361310402665,7.506483291965485e-07,58.98639193581079,101.48265617625619
18,12.148389683893955,12.148389898255514,12.148392696894689,7.814323645239949e-08,12.1483038031747,12.148389611675741,12.14830388570146,2.1366064400030128e-07
19,117.62714357397972,57.29810235746849,57.29810502798516,57.29810225154843,5.647630469252727e-08,36.84749426597973,57.29810473995811,20.1277940454648
20,3.843441591102071e-06,39.81538336948487,39.81538317931219,1.0078929519369913e-07,2.109379547691457e-06,2.2459839072287996e-06,31.47355056980278,39.815382649667576
21,1.0579724863470876,48.7601289083561,63.965302003502856,39.72268154380898,4.793203079670382e-08,3.1843676456068975e-07,4.963551989849539e-07,1.0579723756110644
22,1.0128114529245453e-05,1.9431839935902362,1.0688646990349137e-05,7.654663374352823e-06,1.1358655590078536e-07,9.910864008413074e-06,9.961009859201097e-06,3.41903013702799e-08
23,9.530480623851652,61.00114174429525,49.306327689249905,2.3999703826131636e-08,1.7096626975417635e-07,9.53048053637159,49.306327551852554,61.00114167141741
24,11.655293651151952,11.655283451423005,25.293271178662092,2.3180985345315073e-08,11.655283073623849,11.655283415799243,7.16165167298754e-07,4.7539769442796073e-07
25,21.185773088783577,34.784216947794484,34.78421707087029,7.559902581898508e-06,11.65528075993321,21.1857710524934,17.83277845280373,21.185753488041172
26,26.851996035488376,8.627839878552336,77.09257493451894,1.8308636743207503e-06,3.847882114339889e-08,8.627839372008088,26.851995902814675,8.627839714579709
27,66.57951620720102,3.7603386288094005,3.7603385431898126,6.396745097173836e-08,3.9669870562603386e-07,3.760338413194233,66.57951608569398,3.760337911917492
28,9.509998032246386e-07,3.208147056537241e-07,9.232834762340671e-07,43.99999273201965,53.284754246399565,43.999992519280696,3.5433120492201246e-08,2.6178089183674946
29,17.09301393375553,74.9026560253763,29.711147422948223,17.093013608470933,5.0178851285948533e-08,2.6178434584463353,74.90265718314932,17.093013889353124
30,4.593697000143126,39.33718241953212,39.337182579297085,6.61709860482079e-08,39.33718231546916,4.593695386852,15.055022714488025,4.593696700117415
31,24.856490899703573,15.221252299170226,24.856490981464354,5.2634911574882786e-08,9.284750851725537,15.221252069878147,9.284752881465714,9.284752558020264
32,34.817660663506125,34.81766021792242,34.817660749461574,6.290245825346088e-08,34.8176601214539,3.7881778398098227e-07,8.136763153648889e-07,2.2027959767806884
33,2.1108738186094365e-06,37.7833953133721,69.07633633852782,1.9748369195120775e-06,4.8791981290463554e-08,37.783395072454965,37.78339524594455,4.965825114013313e-07
34,53.17621515927237,53.176215738850246,18.358565476385813,9.449115518279436e-08,18.358565376403615,18.358558923566665,18.358559777636255,18.358559412417126
35,16.74202332084032,16.74202251626395,50.24845611387088,3.338830238980358e-08,13.87844648036527,16.7420224028482,16.74201924831643,3.932860524300868
36,2.8636182442167475,2.8636196839450703,4.174837210482762,2.8102432371152173e-08,2.863557899171628,2.6964990059199513e-07,2.863618151655421,2.8636180036298904
37,0.9204668032150886,0.9204675016282937,0.9204677127794989,5.188064993048503e-08,5.412984028424709e-06,5.602084607383391e-06,0.920467322135697,1.744371564776417e-07
38,4.174767403989047,4.174767597757913,4.174771629278189,3.506905084461989e-08,2.863552770677586,0.9203965329262916,2.8635529186734896,3.784019468403462
39,12.081509277696668,32.2284809778311,32.228481180816225,2.1330092756506856e-08,8.362481686133388e-08,32.228481099287805,10.010998493309682,3.5205443595691084
40,8.944114063498045,8.944120814521888,40.23706756290766,2.05532349208083e-06,4.23835142040954e-08,3.011985405071954e-06,40.237067430387874,8.944113956581315
41,71.37411127940929,17.924538105927876,17.924538245567216,2.8035077072995175e-07,1.0071205330814553e-07,17.924537948347826,1.2534162577437175e-06,1.1865670269015304e-06
42,34.10550080702144,34.10550102646208,34.105501134207664,1.9025364849416887e-06,4.223576555241339e-08,9.315248754912826,132.88218949995255,2.0489294827094215e-07
43,76.91288071492733,8.849086398506621,8.849086917106852,3.465246595248501e-07,4.271406378358461e-08,8.84908630550333,1.3947657826919265e-05,9.316679879630249e-07
44,16.46764188013533,4.650897669515503e-06,16.46764202577852,2.7513047130688073e-08,3.142693353497374e-07,2.297441324898455e-06,16.467641366814878,4.556409261058725e-06
45,8.077354791289657e-06,141.86683333991456,27.10844067114694,2.7125456303051557e-08,1.578667928292556e-06,2.0486341974879897e-06,2.1249316158649127e-06,27.108440640338547
46,39.72267327327923,39.72267411532461,39.72267444430083,39.72267407871399,12.148305369842458,2.7245549436848656e-08,12.14830525831816,1.812134792574389e-07
47,8.136594033696103e-07,9.199481047274218e-07,9.795408037984262e-07,2.0442385550408566e-08,1.1011232597216125e-07,4.2518852344872566e-07,2.4791436027838007e-07,6.62165505451361e-07
48,9.735657760735368,25.24680765471876,25.24680786123544,1.8824976291145639e-07,9.735650682669569,9.735654942730806,9.735657630312307,25.246807525656845
49,24.842542628966747,69.62090637590966,261.2366679138751,5.8927342925083465e-08,24.84254248710526,24.842541849942513,24.84254141222013,2.922594728942673e-07
50,17.093014044691945,17.093014104343816,17.093014620935836,17.093013796429524,1.4139916748858057e-06,1.4964400811374227e-07,4.31439706743837e-06,2.1782587338604906e-08
51,43.34631743595033,55.9336759799851,43.34632507674174,3.153040494913614e-08,15.217034131683759,12.353493598520775,68.50179292321411,43.34631633514913
52,17.143020841862256,49.74717896002521,17.143021181134312,3.699508972962153e-08,17.14302047867306,1.0064986186462923,17.143014198732782,4.857214204698571e-07
53,41.15361523809791,41.153615389184345,81.35486227542376,1.1468425557607597e-07,41.15361336040834,2.617834743747904,41.15361399801488,81.35486216765698
54,73.89658360334353,73.89658385674522,262.8945231954241,3.8974447040744133e-08,22.22471022371426,22.224710808869155,22.224711093762526,22.224711032167615
55,331.43011710225795,331.43011760120135,331.4301178208869,320.15511685181525,2.61783203965796,4.5316416119682745e-08,227.45573133306561,331.4301175374551
56,5.492243689730822e-06,28.129271455435713,28.12927121100701,8.596538384564198e-08,1.1955066920996898e-06,5.373028994626521e-06,28.129270958325954,1.585572028591336e-06
57,50.75368062801363,22.624405364259054,22.624405594628225,6.823432248917545e-08,22.624405291500068,1.0064939656339342,1.0064966228823327,1.0064954276431666
58,8.870504241554032,8.870503187599374,8.87050438666473,3.428907685438236e-08,4.3956105246716595,4.395610785829058,8.870497415428755,8.870503060797153
59,320.155116990465,335.7057953171726,335.70579547178994,320.1551169117356,3.2648648850424894e-08,2.9973426317202006e-06,207.00512307681214,333.527034268764
60,26.013527639813773,9.876996396371268,26.013517985387132,1.239806479374042e-07,9.876996218736029,4.3956092084043705,4.395609431089378,9.876995031881666
61,5.864090347987159e-07,75.89868193309441,5.524947127883385,2.2388260008367735e-07,2.8977493899910988e-08,4.297154161701093e-07,4.74623904722969e-07,48.765727219079174
62,66.13604936282898,2.8673632767761164e-07,43.402119871351516,43.40211976236128,15.613068295797952,8.821380696952448e-08,43.40211999758167,2.1272623251386044e-07
63,51.869133761596984,62.70423332835377,51.869135734503686,43.40212011643656,3.741368459853131e-08,1.8060889248951533e-06,1.7442435059635168e-06,51.86913568721559
64,7.000959227914159,78.4486395738208,7.000959304995251,4.358330131657162e-08,7.000954620535917,7.000952626777345,7.000956115759682,7.000959176642396
65,19.769161265743424,13.385062755216476,46.682813373583755,2.0311237673731024e-07,3.350343324670679e-08,5.89837199613038e-07,13.385062595285277,46.682809636229784
66,51.96239571649614,143.98769451701392,14.403993431135499,9.844332191350035e-08,3.4329818128622914e-07,14.403992608283048,14.403992464949058,14.403992879237908
67,20.134939474107778,18.47661981622011,18.47662251435669,1.941921965114287e-08,18.476621974416815,8.64418260036934e-08,18.476622487369184,4.4698326762484063e-07
68,65.25419628370506,65.25419653739687,43.40212159927298,43.40212004027018,3.727068504549869e-08,2.266190268978088e-07,13.385065108150988,43.402120171350916
69,8.287734271598037,4.137403016644611,58.71510641704553,7.165822979787125e-08,4.1374021641119,4.137402373791345,4.137402696363733,33.78961059617706
70,15.486851794802861,12.464658186402138,12.464663733656424,3.5642777269913384e-08,1.352143395583813e-07,3.5205406816627365,12.464657983511435,12.464658074466954
71,72.50224907780908,11.54044068680382,57.48632411431699,3.967209142625431e-07,2.4095788365798555e-08,11.5404405315099,4.518559984929315e-06,57.48632406404197
72,27.83411534495352,34.218213008456985,65.90722384571924,1.980586121821355e-08,12.464660406629262,15.32821773135251,1.3388271678297863e-07,2.578985279764777e-07
73,2.231615962987387,2.2316154154411376,0.9204021315749271,5.884727066113472e-08,2.844899866273227e-07,0.920401865360999,0.9204020891537651,0.920401639210728
74,13.385057385140472,13.385057186899784,56.62583968592633,9.897946286578129e-08,7.000954625204857,7.000954366369028,7.000954872513573,13.385057109657685
75,36.161370666558135,36.16137075909046,59.218567031079914,1.0016055353414935e-07,8.327258301115437,8.327258622385974,8.327258686174147,36.161370613663365
76,4.071271382616474,279.3546902256961,295.3893338610996,281.2978680236357,4.071271161200041,8.975418753967202e-08,3.718060972500868e-08,4.071268972681933
77,278.95139952536755,312.0038337684106,310.06065660363805,2.943355879264991e-08,7.364403228804977e-07,277.00821905183557,310.06065650182774,272.9369493604616
78,6.014451847195031,281.2978677581286,281.29786840784016,281.297867720949,2.591441608912678e-06,1.602191104621658e-07,5.573199511662989e-07,2.7115292063309243e-07
79,43.58643311039035,43.58643615477392,59.621079308258345,3.298240026469052e-07,4.0712692964674675,43.58643302994276,43.58643266597867,43.5864328647931
80,277.00821906078903,310.0606562359781,324.15212205689755,3.3212027546003246e-07,4.071269306198756,277.0082189813706,310.06065598168834,277.00821806199065
81,43.96960276889602,3.8863333221948912,122.22284110847868,2.7942849588454513e-08,3.886329253540647,3.245792644854698e-07,3.8863332882665382,43.96960271871042
82,274.0504265289952,310.2473568427483,310.24735698665273,3.3885609572826374e-08,20.985330158928818,274.05042239339053,274.05042648408175,20.985330635443685
83,24.65244285506989,20.76610657705418,118.94032547721415,1.7626247275992848e-07,7.957596607084662,20.766106400274715,24.652442904142074,68.80695145683093
84,3.8863651240820514,8.552259253654361,237.8987352506723,8.933158263508103e-08,3.8863649546561305,4.131407302613935e-07,8.552284730165606,3.8863630080240275
85,48.82042999783239,4.07124103579524,53.8109671968377,3.502117011056524e-08,5.688742466959289e-07,7.792025380158975e-07,4.071240984897445,1.0488784281944876e-06
86,16.694837052061093,12.80847484432333,266.74185272660577,2.129739267371433e-07,3.760223314242546e-08,12.808474731154677,16.694836964372037,12.028914718149384
87,20.70061818381967,1.5989413712333393e-05,3.776415050798881e-05,1.4115832733300777e-07,1.4598277748221247e-05,1.572870644291667e-05,1.4972183179723053e-05,1.5333080843327394e-05
88,9.021181198985461e-07,8.552260518439823,8.552260673472116,2.864509274800519e-08,8.552260399997401,5.243901104656115e-07,149.99998688305226,1.7096709249781324e-07
89,45.52961357496891,45.52961368720635,45.52961385499892,2.713727539467927e-08,7.267090357576207e-07,43.58643310040768,43.586433186118015,39.51516416326409
90,28.84318091402711,8.14258092800373,28.843181162281244,2.4376922250465325e-08,2.0323254863104048e-07,8.142580887284767,8.142567347231099,8.14256716423619
91,4.0712838942968155,4.071284853247038,4.071285117545041,4.071283767754374,4.071282994618505,4.071256269320496,4.071283530471285,4.180957797699688e-07
92,8.40581277697873,14.339788552154248,45.989237171563055,4.664836366135458e-08,5.306854394214261e-07,1.9828013023236396e-06,3.3183749194322367e-06,2.7568555837454823e-06
93,155.8145692203139,164.22037950429268,164.22037967237816,5.219946560077516e-08,164.22037811227142,1.3274107110706047e-05,164.22037822038826,1.4012307331016876e-05
94,14.157027089082812,14.157027324269487,18.822963062416356,4.071283348286242,2.981487371137214e-08,12.21382149836374,12.213836425658554,4.071283547722115
95,1.5952715201821566e-05,1.6063317575003982e-05,45.98925037600014,4.328720327763715e-08,1.3985287279859905e-05,2.794429313859464e-06,1.5541126255231814e-05,1.587421007367027e-05
96,33.31966646356041,33.31966651523443,3.369486000861149e-06,3.158223470354411e-08,75.75289393688935,2.2177931995461093e-07,4.7180434384322194e-07,10.680398435611309
97,2.7396700178753454e-05,2.7489441329504816e-05,2.7729427461361824e-05,4.6650436014593307e-07,7.055565826700431e-08,2.604619843554957e-05,2.7194015597679016e-05,2.7094238956061266e-05
98,4.6659100998897305,4.665911170518773,8.552234751274863,2.690688420806014e-07,4.665909877988703,4.665909683825737,149.9999867422108,4.9937103862300315e-08
99,8.142592474442473,14.751721800056812,14.751721305509458,5.000046772165916e-08,8.14259191317006,8.142592161658367,8.14259238699769,14.751721203209295
100,33.31966748123917,35.26279882864856,1.662038221030249e-06,2.5223620191478626e-08,79.63924587671063,7.661001993172933e-07,1.6183405172204718e-06,9.70657892711767e-07
101,12.808502689892851,12.808504765549895,14.751693675864429,2.8406560291546533e-07,8.14259333098264,12.808501865414874,8.142593392692387,4.071323617225891
102,3.7102898882848216e-06,2.869574716210676e-06,3.880387381668142e-06,2.6503005981741876e-07,6.355178423536259e-08,2.0769608325292016e-06,6.457486727184857e-07,2.4508198366602824e-06
103,10.064111046099265,169.12185343066776,129.1218533925334,3.75206428048628e-08,10.06410869294289,10.064110469600994,10.064110665636052,129.12185333791578
104,28.823748188403563,36.859135900914175,36.85913500016847,28.82374817074607,19.539011289664312,19.53901142444986,36.85913512893007,28.823748070745705
105,1.2435778261984934e-05,2.6358192070552902e-06,40.58365758017451,4.7247158940950516e-07,2.3219969837703944e-06,2.0883800696013216e-06,2.3489477892280476e-06,1.9537798307937271e-07
106,16.694798156027222,16.694798699985558,21.68533408963969,5.969844934712213e-08,7.9576328394721605,7.957632536884043,16.694798366566552,16.69479807687357
107,20.581165107721716,12.028905380717603,20.581165937269652,4.8484332797522574e-08,1.27899162746898e-06,12.028905283273902,8.142551882024582,1.1293946840404762e-06
108,36.196938596640145,6.763818865431327e-06,36.19693874838012,9.376557046512127e-07,1.2820434257060844e-06,3.81409403497319e-07,1.365446510463491e-06,4.199620446718876e-08
109,4.0712835514979,4.0712847720349155,4.071284942299844,4.071282997072325,3.251599836685587e-08,0.7795658109985741,4.071284620650682,4.071283494768429
110,291.42440597824276,291.4244060554566,327.6213380711767,1.8825270334035284e-07,20.98533137514324,253.28431624723015,253.28431634806688,0.2192505988522112
111,20.76611091154518,20.766110630015667,20.766111184042288,8.247380662067699e-07,5.1745283161480146e-08,20.766101133058356,20.76611058632472,20.76607912739787
112,4.1075270577219265e-06,3.0391250804039896e-06,2.6822379713798995e-06,1.52061575513448e-06,4.391460464219473e-08,388.50300915488873,2.588782839198086e-06,1.1109174820583291e-06
113,1.9431558716796806,1.9431561180301802,1.9431562024241165,1.5620652100811655e-06,2.9830881797641e-08,388.50300376037734,1.673646176422578e-06,1.5972767475880776e-07
114,7.339116561561123e-06,6.9209547362003695e-06,7.575043506461246e-06,1.1759530608579349e-07,2.5360688369188243e-06,5.425493337615704e-06,6.841293814874575e-06,6.525003492985967e-06
115,7.957640792219516,7.957641081171319,7.957641456321932,4.071282918121516,7.957634748851896,2.3344198182280816e-08,4.07128401771749,1.1593675593793054e-07
116,1.5735428469142305,1.5735430067074616,1.5735433919809332,3.5715428733704224e-08,9.840738378892437e-07,1.5735426571254296,1.5735398405586536,1.5735396271784499
117,2.4977450084444643,2.6461394876310442,5.51994308369748,1.5401223653987514e-07,4.970672218837054e-08,2.4977449497113953,2.6461393308475265,2.497744804474467
118,12.971807055966659,168.5745190979874,118.70961262396258,5.6710208909942326e-08,2.1064682099880474,10.843685003048513,3.00020778608772e-07,152.81511103309
119,9.328632597153081e-06,9.182361456533002e-06,2.8738129362529343,5.240862678101774e-08,4.923074705806921e-07,9.016370696128493e-06,8.407690054836312e-06,9.069492010657526e-07
120,178.76116420404517,178.76116361827002,202.00364083609304,178.76116357037736,7.957642642824911,5.607559254530315e-08,188.27793645290944,56.51348008230993
121,3.336367285330568,2.1208728041137865,2.1208726485267086,5.018714698424543e-07,5.2084259703794314e-08,2.120871734454112,2.120872543174458,2.1208724034884936
122,26.857047756340584,14.31394218680472,9.427124157740289e-07,2.5256835112479334e-08,63.539032584073155,1.4699064563948235e-07,3.9676085594567977e-07,5.736217949644559e-07
123,28.823737278126046,28.823736873902178,72.82374912386472,72.82374907994533,4.6895345643020355e-08,63.539036760654604,72.82374900506828,1.2138150577448283e-08
124,17.143035379162736,18.099562976898863,18.09956304221964,3.8809249844006065e-08,1.0749827093422893e-06,9.743419870364786e-07,8.035444344305292,53.201840239451464
125,2.6305596157629166e-06,19.621968804474253,19.621975205788697,4.52240355353922e-08,2.1886100177933047e-06,1.0002907077175577e-06,6.447036160387717e-06,19.621981209764872
126,1.1474102391360477e-06,18.09953942126997,53.201814181993015,1.947047904670448e-08,2.865529640406132e-07,1.1172940857885871e-07,18.099539376500818,53.20181452680448
127,2.1242300793379758e-05,2.165529829126626e-05,2.1568211436511194e-05,5.032131666931498e-07,1.8982581040614178e-07,7.311174093304062e-07,1.0139100175984628e-05,2.1157076061857134e-05
128,34.14077851016943,10.024755972965808,50.60841282658902,4.314323216692699e-08,10.024750159886388,10.02475358481051,4.707696833345093e-07,10.02475575068832
129,164.22036604457745,178.56015199312935,164.22036646794106,5.556062486412961e-08,164.22036465766953,1.2462479099012621e-05,164.22036599763692,8.949528410334889e-07
130,2.6216784444920338e-05,2.5796426221497015e-05,29.686104016778103,4.877185774137721e-08,2.4344515452028353e-05,6.805122322326461e-07,2.7731124733644802e-05,2.571291556205108e-05
131,6.9404765579273615,5.282181419991152,5.282181481731933,3.8156749350010026e-08,1.940009624074084e-06,1.40778649307184e-06,1.7806797432553477e-06,19.62197938320061
132,178.76116494987417,178.76116508911645,190.34201310992995,178.7611635658422,1.4306998026561506e-07,1.3269126468320747,178.7611648147768,3.4631777857956457e-08
133,16.997753084939465,10.024751436816004,45.127027954399324,5.454603953645108e-08,10.02474723928547,10.02475136493527,10.064103293117597,10.024750999739409
134,66.16860406260172,9.655111156074401,66.16859220049808,5.0563662325613216e-08,9.107774995307803,8.328197311519032,9.107776798888606,66.16859194062215
135,15.346296968415716,1.0900779815703225e-05,15.34629708828423,4.506572956085127e-08,1.0641313208697705e-05,2.7638000553767117e-07,1.084201697371114e-05,1.0768996809222303e-05
136,49.02557938320075,9.655108090771025,49.02557960214527,5.7431325142982835e-08,1.1501295749519551,9.655107682400274,9.655107983103916,9.655107141995076
137,65.28506187926718,8.445049983822271e-07,70.37373545734118,2.734188343688038e-08,65.28506179906199,7.811773107865314e-07,5.849836119288778e-07,1.669525413709906e-07
138,7.779918254150726,76.13545424291516,7.779918555210998,2.8446002717943637e-08,7.000348682693911,7.000348317598862,7.779918105181434,76.13545420658187
139,8.327258955365574,13.194447818397714,13.415923303310931,4.0656713516095444e-08,8.32725690979977,8.327258227514593,8.327258418384883,7.275508072768867e-07
140,63.34190550072042,1.1614240732337165e-06,65.28505647662328,9.720557533796076e-08,65.28505623379145,9.126819420797543e-07,1.0698360480293681e-06,4.2405649136828227e-08
141,53.511190691649674,8.327260631464174,8.327270791421153,3.6879399624142335e-08,8.32726056202509,3.7752908816173596e-07,2.3169495935389196e-06,8.327259720854022
142,4.670529031087314,3.1762410009552984e-06,4.6705291503909905,5.422893848337705e-07,1.5771179825835097e-06,3.639041711768788e-08,2.382823182359116e-06,80.75407142611161
143,56.00051690913973,57.658833684507734,57.658833717440736,2.8907812921006147e-08,56.00051685290387,1.1073633636236422e-07,5.173327010085761e-07,2.3315271565187266e-07
144,3.0007095506322445e-06,13.194448686072064,3.5530406023159838e-06,8.629370358318827e-08,4.5471066527094557e-07,1.250423525356492e-06,6.361394274774408e-07,1.6088856925162623e-06
145,16.284889156128358,9.900789955715952,16.284889309946454,2.8978960534692974e-08,16.284889085150905,9.121220094002524,9.900788979555156,3.046178434671882e-07
146,7.957635767447714,8.10602962111345,8.106030053447567,5.836822941320417e-08,7.957635257808988,3.291712802811753,4.219670160782932,1.4587204377972654e-07
147,2.4977470568632323,2.4977472940837204,3.428408050457793,5.894681282233521e-08,3.0013137991052084e-06,5.268178896973534e-07,7.976585277426622e-07,2.497746920291849
148,8.327253523445204,41.9594057571318,10.27039659500435,8.519035829246289e-08,8.327252464831114,8.327252910131246,76.1776234086506,1.6553789212767342e-07
149,1.9431591032691837,1.9431599998598355,1.9431610952296536,1.5904476132760583e-07,2.5219851141834544e-06,3.098191930813833e-08,5.926157152057207e-06,5.573813686219794e-06
150,59.895290267758924,8.327260080708896,16.65451156097358,6.110610071990882e-08,16.654511451843653,8.327257486124784,8.327260584047485,8.327258714972245
151,2.1831833252466696e-06,40.016253228981974,2.3052657761089044e-06,1.9514202552888372e-08,1.5890962733049804e-06,1.1960469666692765e-06,67.85036605668937,2.122609475357775e-06
152,2.6178224625906177,95.05682619000613,2.6178226094606973,2.6178223228851056,6.685966969818665e-08,2.6177936752779796,2.6178202755785116,2.6178201931185807
153,2.617819547940505,2.6178197168485107,2.6178293720566987,1.5323340805427084e-05,2.6178157137897444,1.9763613250951817e-05,2.6178158028740444,1.1709607690839927e-07
154,2.6178191509552375,95.0568227239,2.6178193589475756,2.617819030188064,2.617815621747398,2.6178133957954457,2.617813278421319,3.066810903233188e-08
155,2.61782334581345,2.6178239074217036,2.6178242768428586,3.3396084076637573e-06,5.3176473695254134e-08,2.617800176456375,2.6178230511092786,2.617821630741663
156,2.617822859575887,2.617823182954634,2.617832622569824,1.8616037848248284e-05,1.5890201475519022e-07,4.309578489459063e-08,2.61782280003124,2.6178202795465486
157,1.0094089814676584e-05,1.0660742143689223e-05,97.67418428436109,3.448129322186732e-08,9.444859650702322e-06,9.629173346809712e-06,4.1293865640544284e-07,1.0610356441914521e-05
158,3.76101023950176,3.761009003430201,3.761010462812442,3.005324230214675e-08,3.7610066778237643,3.761008403018789,3.7610088698685407,1.14318321604313
159,4.808672471276378e-05,4.249334727698489e-05,96.3630037481872,7.882145444592275e-08,2.5467715912917072e-05,2.5248751734485048e-05,4.124148242763327e-05,3.985325902745872e-05
160,252.66486290652605,2.617841982588024,2.617842242019036,3.780327247251918e-08,3.7337197782704047e-07,2.6178409407918783,2.6178417810986705,2.617841503571221
161,8.213772678611038e-06,1.2998126611562497e-05,11.303275133928615,3.726656045317446e-08,8.077050339956193e-06,7.360318646362255e-06,3.9072565787920434e-07,1.293745585653826e-05
162,250.04706937463024,2.6956930251395314e-05,5.261273661765328e-05,6.541399853112117e-08,2.330205813073991e-05,2.6036185374904056e-05,2.6801137347494292e-05,2.4160458830640233e-05
163,47.99455808849751,68.69514704866802,2.6178164519358385,5.1022501310527774e-08,2.6178159926151023,2.6178154092711576,2.617816339589715,2.6178156664099523
164,141.44772605958062,141.4477290224002,141.4477299932821,141.44772596872275,3.023735090899866e-08,1.362897672941695e-07,3.865645927015439e-06,3.7638328440734136e-06
165,2.6178200341780715,2.6178204413155757,2.6178210263297395,4.691136674291915e-08,2.6178156080642005,2.6178198969738418,2.6178160539520885,1.4682911914906255e-06
166,45.37673636462897,66.07733493127031,2.4546816871938593e-06,3.5279173929054635e-08,4.4124253758987993e-07,5.901469962700095e-07,2.3414417850300133e-06,1.936624971677727e-06
167,45.125275960609194,45.125265637566805,45.12527613021219,42.50744691004727,5.6466688038084645e-08,45.12524504207994,45.12526541716005,45.125263573557625
168,11.722004151929404,45.98927846192808,11.72200497544773,2.2316225968764838e-08,11.721986704890782,11.722003394272473,11.722003990499791,11.722003792407545
169,93.75487217655085,108.09467806918944,108.09467821738806,5.760592550021042e-07,1.1605825890967708e-06,93.75486645456722,108.09467760353726,93.75487200388233
170,42.50745092510528,42.50745005406297,42.50745888244492,42.5074436016069,5.998184867714682e-08,42.50744994347325,42.50744442185493,39.88962968132217
171,7.837795709462572e-06,42.897053663538955,14.339814172584864,5.696374568625014e-07,8.365629496708816e-07,1.4648453520242297e-06,14.339814093224385,14.339813357130293
172,2.617847105600964,2.617847428948333,2.6178470112090544,1.6881261052747937e-06,1.2833663938742089e-07,2.6178223912023375,2.6178456189549926,2.6178222999464147
173,11.722008950558768,24.742949098005557,11.722008984592907,1.1152554564967197e-06,11.721987172281768,11.722000844802928,11.722008759348885,2.304670677747904e-06
174,141.44775425155333,141.44772611414012,141.44775436125386,141.4477260120768,2.617838510296067,5.0807425590558577e-08,2.8838325371413537e-06,1.5050543413822362e-07
175,3.367249229546576e-05,3.374530397237687e-05,2.5241205597560455e-05,2.494830295826979e-08,7.660261690119839e-07,2.5221700994216875e-05,2.3586441082221102e-05,1.16602659211582e-07
176,161.81871287065937,161.81874391539677,161.81871292862957,159.2009158218554,3.4153607950995634e-08,161.81871267482182,2.6178230703758776,161.81871204615987
177,159.20092762952345,159.20092732349235,159.2009155265978,159.20091420203164,2.6178391519018525,159.20091541983814,5.60485801568069e-08,159.20088624948872
178,72.9074177997085,72.90741820688623,72.90742115662552,70.28960024428932,72.90741772683472,2.617796869213295,72.90742106251642,5.293765155771467e-08
179,29.797830960644756,29.79783102519936,29.797831628624564,29.79783056571991,25.190005939159185,29.79783061700495,29.797830791795942,25.190006112814874
180,44.00001659001609,3.346896416574612e-06,14.339788987566997,4.751020250789199e-08,1.4173603829780905e-07,3.155798583867869e-06,3.282167090309753e-06,41.3822079785054
181,1.5953690701580464e-06,1.6890483950212361e-06,4.607855184518791,6.319784674938003e-08,4.094542945139714e-07,7.291116812861344e-07,8.328071409521792e-07,4.607838985380114
182,2.6178397383033642,2.6178598563895163,12.609884227037142,5.399599656337492e-08,1.1712204478416196e-06,2.617837884503538,2.617856199230755,2.6178595234708317
183,85.61471326661017,100.37731222659659,104.56234295865292,70.2895954416023,140.7152469110253,4.212123995592906e-08,70.28959587229805,10.089457594088529
184,2.6177987309817348,2.6178011503791385,2.6178014067317017,2.6178008205667194,2.4522130954839884e-08,2.6177900724212875,2.526324783059368e-07,2.6177905837928264
185,2.868289507366629e-06,2.311659451432663e-06,2.9556555169783357e-06,4.380651422591073e-08,1.6045768635039608e-07,2.1793327485675695e-06,1.9383291244394533e-06,7.700777975291946e-07
186,3.760975558502245,3.76098063693119,5.072194249499469,3.2784101249586483e-06,1.1431751000797714,3.7609730629229357,3.760975038481967,3.760974135591016
187,2.617833093846787,2.6178333323978364,2.6178336157243964,2.617796056141439,2.617833025234737,2.617825569019809,3.229597568447329e-05,1.9626396934697943e-07
188,384.3281692234938,384.3281694077634,384.3281696429407,1.5479269290174705e-06,384.3281669534127,3.469699185743517e-08,384.32816845240905,384.32816825290973
189,384.32816890535923,384.32817322328316,385.6393856386204,3.1858532101086206e-08,384.32816837638137,1.9119966003677746e-07,384.3281666643656,384.3281687849287
190,72.19405942124249,72.19406285443594,72.19406301909741,1.5369368934003484e-06,72.19405758545778,72.19405853276653,72.19406277806195,1.711567288219287e-06
191,15.325095496856823,30.08771100761402,32.96150164179876,2.2274207493612518e-08,65.18998943810578,3.79827064566671e-07,5.132726538900729e-07,15.325095284772505
192,35.10227772449727,35.10227782525721,35.10228075082599,1.5007748851005368e-06,2.083419613888771e-06,3.0653941730339426e-06,2.1475967525563804e-06,35.10227757236403
193,2.7168333053134263e-06,50.427377122582286,50.42737767134159,4.0842079210751404e-08,1.4060076837987512e-06,2.5798326435750026e-06,50.42737181802539,50.42737428138327
194,49.86490972902739,3.066128658482515e-06,49.86490944005879,69.79783382120343,2.095086438599711e-08,69.79783373518649,69.79783318412392,49.864911149968336
195,1.6780639045331255e-06,65.18999175928853,65.1899918888013,2.0705635597325596e-08,65.18999272491214,1.6163445490075676e-06,1.2351379924642323e-06,50.42737522071142
196,4.607839054536418,39.710128948989464,1.4337504138721419e-05,2.1800755607264998e-08,1.4276878076880405e-05,2.233590525632822e-06,2.42978374606404e-06,1.2211717582867759e-05
197,114.75839478750609,2.283234539384565e-06,114.75839510781158,2.2699829673980642e-08,1.9775787962234745e-06,9.24027008843948e-07,1.468872794823966e-06,1.0550406887488005e-06
198,1.0340298277988082e-06,21.650722399756965,14.339822703966233,1.7314123464083384e-08,6.697795663230658e-07,9.86270447280576e-07,14.339819899282274,1.605017260165132e-07
199,44.00002756871574,1.555928340171739e-05,1.5625311798489805e-05,1.639440345225135e-08,1.5375719532434686e-05,1.0120962674552142e-07,3.5864815147543437e-07,44.00002751374475
200,22.514954893952854,22.51495467901642,35.10227991292873,5.929921217218627e-07,1.1022645993659528e-07,22.514953516784907,2.396643794498834e-06,1.8165751317559386e-06
201,14.339805912474617,14.339805644135206,14.339807347110733,6.033335070012658e-07,14.339805402464957,14.339800773664361,270.35590163672117,7.866261532340765e-07
202,4.607831140249198,39.710106824117325,4.607831531280611,2.1693381001300282e-08,1.0272367877994545e-06,2.376274875988206e-07,3.5398891688560097e-06,4.607831075165273
203,22.514953169792133,22.51495323119468,35.102304236155,4.373948489414667e-08,1.1033171465173646e-05,22.51495305889409,4.670998908104085e-07,9.70513281917534e-06
204,7.757844298360488e-07,1.9042296686545722e-06,4.607828194856843,6.323963645525664e-07,1.0836238504778067e-07,1.2478059169180772e-05,4.607827645944094,3.0620209224725383e-07
205,105.47686849068454,111.18690286757855,105.47686902025094,2.8738025177800415e-08,11.721987028910421,105.47686838399432,105.4768675008127,91.13706243915958
206,2.6178106988060588,11.247592606095331,2.6178233810025904,2.352901353492454e-08,2.617823211001243,2.617798318433743,272.97371178267946,2.6178102891388577
207,3.6342667707027845e-06,3.145145174391226e-06,14.339798429687297,1.177605360457061e-06,4.844135138123116e-08,5.7662678146505515e-06,7.738421702185829e-07,2.8436400126953943e-07
208,1.2417277012927174e-05,1.3283364329105277e-05,1.2621770151843598e-05,3.176969036928735e-07,5.274343530050438e-07,3.2225823579175655e-06,1.5250282848785192e-06,1.2266209601843712e-05
209,4.60782859650384,39.71010559147686,4.607828864844933,4.163926333012848e-08,1.1649089882314187e-05,1.15286841601408e-05,4.60782842348222,2.845449377341234e-07
210,4.8484079369269725e-06,1.6447008745273867e-05,1.680878570316433e-05,3.3527472454442085e-06,5.161373384989967e-06,4.01560566106249e-06,4.45798927299075e-06,4.602263778275426e-08
211,4.734731910481486e-06,1.4905494415643645e-05,5.26644202947541e-06,5.04796384389564e-08,3.725305467313667e-06,5.240464314723951e-06,8.170758871979185e-07,2.2215394895071752e-07
212,6.031867941993578e-06,4.468630798342817e-06,1.5763039805374117e-05,3.057886293109416e-06,2.952657156955923e-06,4.0552224848386985e-06,4.330771941978433e-06,7.885750210327015e-08
213,10.613622596228867,2.1989744393442043e-06,2.4506172196374103e-06,2.385068109266374e-08,2.2995643861890352e-07,1.8815557280483993e-06,4.951762336918375e-07,2.124688525199058e-06
214,3.0799689075783517e-06,3.2490303121918513e-06,24.95341933515135,1.474054405349158e-06,4.220986755376486e-08,4.3908857297653365e-07,2.856342428816283e-06,2.5422483006656263e-06
215,10.613626493564437,3.884669181162072e-06,10.613625935806459,5.1988911153939984e-08,5.212240484371592e-07,1.4666281738330737e-06,3.1506165162776245e-06,3.7877346901151143e-06
216,5.789347951888867e-06,5.34277711827729e-06,6.162635099295361,4.080085576412699e-08,1.3788726474786545e-06,5.2480304286841725e-06,4.037434322447901e-06,2.8365658536615427e-06
217,1.1378226232227896e-05,1.0305166511971284e-05,18.27027921171833,3.61879374952623e-08,6.193164745531393e-07,1.0200183363651464e-05,8.267821290232847e-06,9.394095444684694e-06
218,64.33102414671474,3.923820283447723e-06,124.91318577295512,1.5022179526762185e-06,4.503067194191557e-07,1.6041670745103831e-06,3.8534974832063685e-06,3.6860495184392817e-06
219,1.466558483405491e-06,1.3453068636289328e-06,1.6409709437124593e-06,2.3929501675387702e-08,1.2190901447026587e-06,3.6782945120992854e-07,1.1691853550677547e-07,8.498269475096326e-07
220,5.326860310270374e-06,5.6887296110553614e-06,35.046525666872334,4.148217675015764e-08,3.839492622050168e-07,5.611240433540107e-06,3.7197115295863848e-06,2.8535907318939616e-06
221,50.42737643807602,4.130393942026601e-06,4.236219712403627e-06,2.9017562807577942e-08,1.8292077638597089e-06,6.950511319448505e-07,4.033869719763899e-06,2.30216141875046e-06
222,50.42737139183398,50.427371884505554,53.30116521950951,1.4993790225587535e-06,4.216325124165808e-08,2.22937658415693e-06,50.42737130542769,50.42737114773059
223,3.7213865971245185e-06,4.213208728951531e-06,14.085267774759814,5.9092103770144994e-08,4.838925774744013e-07,1.667142081178473e-06,3.3613477251848773e-06,3.2577737736848977e-06
224,5.892436523930836e-06,7.642684259553077e-06,6.021546333091079e-06,4.4474857539113486e-08,2.738810924876498e-06,2.7367707329270004e-07,2.9082812024775732e-06,2.331150710747807e-06
225,72.19405910310802,72.19406666995565,73.50527901477716,2.086849745580668e-08,72.19405900842642,72.1940586892692,72.19406099001857,2.2435863314392807e-06
226,1.573804944576181e-05,1.1644908759417482e-05,1.2129330588249411e-05,6.364484737387286e-08,1.9055074683866799e-06,9.422045804846158e-06,1.1240984368840877e-05,1.1040116731474468e-05
227,1.850747789599664e-06,2.487422305193113e-06,16.959057108254342,1.533086342611315e-06,2.965130444930345e-08,8.953119635528025e-07,1.7231615081336798e-06,1.531103805739943e-07
