,Action_1,Action_2,Action_3,Action_4,Action_5,Action_6,Action_7,Action_8
Link_1,4.071271382616474,279.3546902256961,295.3893338610996,281.2978680236357,4.071271161200041,8.975418753967202e-08,3.718060972500868e-08,4.071268972681933
Link_2,278.95139952536755,312.0038337684106,310.06065660363805,2.943355879264991e-08,7.364403228804977e-07,277.00821905183557,310.06065650182774,272.9369493604616
Link_3,6.014451847195031,281.2978677581286,281.29786840784016,281.297867720949,2.591441608912678e-06,1.602191104621658e-07,5.573199511662989e-07,2.7115292063309243e-07
Link_4,43.58643311039035,43.58643615477392,59.621079308258345,3.298240026469052e-07,4.0712692964674675,43.58643302994276,43.58643266597867,43.5864328647931
Link_5,277.00821906078903,310.0606562359781,324.15212205689755,3.3212027546003246e-07,4.071269306198756,277.0082189813706,310.06065598168834,277.00821806199065
Link_6,43.96960276889602,3.8863333221948912,122.22284110847868,2.7942849588454513e-08,3.886329253540647,3.245792644854698e-07,3.8863332882665382,43.96960271871042
Link_7,274.0504265289952,310.2473568427483,310.24735698665273,3.3885609572826374e-08,20.985330158928818,274.05042239339053,274.05042648408175,20.985330635443685
Link_8,24.65244285506989,20.76610657705418,118.94032547721415,1.7626247275992848e-07,7.957596607084662,20.766106400274715,24.652442904142074,68.80695145683093
Link_9,3.8863651240820514,8.552259253654361,237.8987352506723,8.933158263508103e-08,3.8863649546561305,4.131407302613935e-07,8.552284730165606,3.8863630080240275
Link_10,48.82042999783239,4.07124103579524,53.8109671968377,3.502117011056524e-08,5.688742466959289e-07,7.792025380158975e-07,4.071240984897445,1.0488784281944876e-06
Link_11,16.694837052061093,12.80847484432333,266.74185272660577,2.129739267371433e-07,3.760223314242546e-08,12.808474731154677,16.694836964372037,12.028914718149384
Link_12,20.70061818381967,1.5989413712333393e-05,3.776415050798881e-05,1.4115832733300777e-07,1.4598277748221247e-05,1.572870644291667e-05,1.4972183179723053e-05,1.5333080843327394e-05
Link_13,9.021181198985461e-07,8.552260518439823,8.552260673472116,2.864509274800519e-08,8.552260399997401,5.243901104656115e-07,149.99998688305226,1.7096709249781324e-07
Link_14,45.52961357496891,45.52961368720635,45.52961385499892,2.713727539467927e-08,7.267090357576207e-07,43.58643310040768,43.586433186118015,39.51516416326409
Link_15,28.84318091402711,8.14258092800373,28.843181162281244,2.4376922250465325e-08,2.0323254863104048e-07,8.142580887284767,8.142567347231099,8.14256716423619
Link_16,4.0712838942968155,4.071284853247038,4.071285117545041,4.071283767754374,4.071282994618505,4.071256269320496,4.071283530471285,4.180957797699688e-07
Link_17,8.40581277697873,14.339788552154248,45.989237171563055,4.664836366135458e-08,5.306854394214261e-07,1.9828013023236396e-06,3.3183749194322367e-06,2.7568555837454823e-06
Link_18,155.8145692203139,164.22037950429268,164.22037967237816,5.219946560077516e-08,164.22037811227142,1.3274107110706047e-05,164.22037822038826,1.4012307331016876e-05
Link_19,14.157027089082812,14.157027324269487,18.822963062416356,4.071283348286242,2.981487371137214e-08,12.21382149836374,12.213836425658554,4.071283547722115
Link_20,1.5952715201821566e-05,1.6063317575003982e-05,45.98925037600014,4.328720327763715e-08,1.3985287279859905e-05,2.794429313859464e-06,1.5541126255231814e-05,1.587421007367027e-05
Link_21,33.31966646356041,33.31966651523443,3.369486000861149e-06,3.158223470354411e-08,75.75289393688935,2.2177931995461093e-07,4.7180434384322194e-07,10.680398435611309
Link_22,2.7396700178753454e-05,2.7489441329504816e-05,2.7729427461361824e-05,4.6650436014593307e-07,7.055565826700431e-08,2.604619843554957e-05,2.7194015597679016e-05,2.7094238956061266e-05
Link_23,4.6659100998897305,4.665911170518773,8.552234751274863,2.690688420806014e-07,4.665909877988703,4.665909683825737,149.9999867422108,4.9937103862300315e-08
Link_24,8.142592474442473,14.751721800056812,14.751721305509458,5.000046772165916e-08,8.14259191317006,8.142592161658367,8.14259238699769,14.751721203209295
Link_25,33.31966748123917,35.26279882864856,1.662038221030249e-06,2.5223620191478626e-08,79.63924587671063,7.661001993172933e-07,1.6183405172204718e-06,9.70657892711767e-07
Link_26,12.808502689892851,12.808504765549895,14.751693675864429,2.8406560291546533e-07,8.14259333098264,12.808501865414874,8.142593392692387,4.071323617225891
Link_27,3.7102898882848216e-06,2.869574716210676e-06,3.880387381668142e-06,2.6503005981741876e-07,6.355178423536259e-08,2.0769608325292016e-06,6.457486727184857e-07,2.4508198366602824e-06
Link_28,10.064111046099265,169.12185343066776,129.1218533925334,3.75206428048628e-08,10.06410869294289,10.064110469600994,10.064110665636052,129.12185333791578
Link_29,28.823748188403563,36.859135900914175,36.85913500016847,28.82374817074607,19.539011289664312,19.53901142444986,36.85913512893007,28.823748070745705
Link_30,1.2435778261984934e-05,2.6358192070552902e-06,40.58365758017451,4.7247158940950516e-07,2.3219969837703944e-06,2.0883800696013216e-06,2.3489477892280476e-06,1.9537798307937271e-07
Link_31,16.694798156027222,16.694798699985558,21.68533408963969,5.969844934712213e-08,7.9576328394721605,7.957632536884043,16.694798366566552,16.69479807687357
Link_32,20.581165107721716,12.028905380717603,20.581165937269652,4.8484332797522574e-08,1.27899162746898e-06,12.028905283273902,8.142551882024582,1.1293946840404762e-06
Link_33,36.196938596640145,6.763818865431327e-06,36.19693874838012,9.376557046512127e-07,1.2820434257060844e-06,3.81409403497319e-07,1.365446510463491e-06,4.199620446718876e-08
Link_34,4.0712835514979,4.0712847720349155,4.071284942299844,4.071282997072325,3.251599836685587e-08,0.7795658109985741,4.071284620650682,4.071283494768429
Link_35,291.42440597824276,291.4244060554566,327.6213380711767,1.8825270334035284e-07,20.98533137514324,253.28431624723015,253.28431634806688,0.2192505988522112
Link_36,20.76611091154518,20.766110630015667,20.766111184042288,8.247380662067699e-07,5.1745283161480146e-08,20.766101133058356,20.76611058632472,20.76607912739787
Link_37,4.1075270577219265e-06,3.0391250804039896e-06,2.6822379713798995e-06,1.52061575513448e-06,4.391460464219473e-08,388.50300915488873,2.588782839198086e-06,1.1109174820583291e-06
Link_38,1.9431558716796806,1.9431561180301802,1.9431562024241165,1.5620652100811655e-06,2.9830881797641e-08,388.50300376037734,1.673646176422578e-06,1.5972767475880776e-07
Link_39,7.339116561561123e-06,6.9209547362003695e-06,7.575043506461246e-06,1.1759530608579349e-07,2.5360688369188243e-06,5.425493337615704e-06,6.841293814874575e-06,6.525003492985967e-06
Link_40,7.957640792219516,7.957641081171319,7.957641456321932,4.071282918121516,7.957634748851896,2.3344198182280816e-08,4.07128401771749,1.1593675593793054e-07
Link_41,1.5735428469142305,1.5735430067074616,1.5735433919809332,3.5715428733704224e-08,9.840738378892437e-07,1.5735426571254296,1.5735398405586536,1.5735396271784499
Link_42,2.4977450084444643,2.6461394876310442,5.51994308369748,1.5401223653987514e-07,4.970672218837054e-08,2.4977449497113953,2.6461393308475265,2.497744804474467
Link_43,12.971807055966659,168.5745190979874,118.70961262396258,5.6710208909942326e-08,2.1064682099880474,10.843685003048513,3.00020778608772e-07,152.81511103309
Link_44,9.328632597153081e-06,9.182361456533002e-06,2.8738129362529343,5.240862678101774e-08,4.923074705806921e-07,9.016370696128493e-06,8.407690054836312e-06,9.069492010657526e-07
Link_45,178.76116420404517,178.76116361827002,202.00364083609304,178.76116357037736,7.957642642824911,5.607559254530315e-08,188.27793645290944,56.51348008230993
Link_46,3.336367285330568,2.1208728041137865,2.1208726485267086,5.018714698424543e-07,5.2084259703794314e-08,2.120871734454112,2.120872543174458,2.1208724034884936
Link_47,26.857047756340584,14.31394218680472,9.427124157740289e-07,2.5256835112479334e-08,63.539032584073155,1.4699064563948235e-07,3.9676085594567977e-07,5.736217949644559e-07
Link_48,28.823737278126046,28.823736873902178,72.82374912386472,72.82374907994533,4.6895345643020355e-08,63.539036760654604,72.82374900506828,1.2138150577448283e-08
Link_49,17.143035379162736,18.099562976898863,18.09956304221964,3.8809249844006065e-08,1.0749827093422893e-06,9.743419870364786e-07,8.035444344305292,53.201840239451464
Link_50,2.6305596157629166e-06,19.621968804474253,19.621975205788697,4.52240355353922e-08,2.1886100177933047e-06,1.0002907077175577e-06,6.447036160387717e-06,19.621981209764872
Link_51,1.1474102391360477e-06,18.09953942126997,53.201814181993015,1.947047904670448e-08,2.865529640406132e-07,1.1172940857885871e-07,18.099539376500818,53.20181452680448
Link_52,2.1242300793379758e-05,2.165529829126626e-05,2.1568211436511194e-05,5.032131666931498e-07,1.8982581040614178e-07,7.311174093304062e-07,1.0139100175984628e-05,2.1157076061857134e-05
Link_53,34.14077851016943,10.024755972965808,50.60841282658902,4.314323216692699e-08,10.024750159886388,10.02475358481051,4.707696833345093e-07,10.02475575068832
Link_54,164.22036604457745,178.56015199312935,164.22036646794106,5.556062486412961e-08,164.22036465766953,1.2462479099012621e-05,164.22036599763692,8.949528410334889e-07
Link_55,2.6216784444920338e-05,2.5796426221497015e-05,29.686104016778103,4.877185774137721e-08,2.4344515452028353e-05,6.805122322326461e-07,2.7731124733644802e-05,2.571291556205108e-05
Link_56,6.9404765579273615,5.282181419991152,5.282181481731933,3.8156749350010026e-08,1.940009624074084e-06,1.40778649307184e-06,1.7806797432553477e-06,19.62197938320061
Link_57,178.76116494987417,178.76116508911645,190.34201310992995,178.7611635658422,1.4306998026561506e-07,1.3269126468320747,178.7611648147768,3.4631777857956457e-08
Link_58,16.997753084939465,10.024751436816004,45.127027954399324,5.454603953645108e-08,10.02474723928547,10.02475136493527,10.064103293117597,10.024750999739409
Link_59,66.16860406260172,9.655111156074401,66.16859220049808,5.0563662325613216e-08,9.107774995307803,8.328197311519032,9.107776798888606,66.16859194062215
Link_60,15.346296968415716,1.0900779815703225e-05,15.34629708828423,4.506572956085127e-08,1.0641313208697705e-05,2.7638000553767117e-07,1.084201697371114e-05,1.0768996809222303e-05
Link_61,49.02557938320075,9.655108090771025,49.02557960214527,5.7431325142982835e-08,1.1501295749519551,9.655107682400274,9.655107983103916,9.655107141995076
Link_62,65.28506187926718,8.445049983822271e-07,70.37373545734118,2.734188343688038e-08,65.28506179906199,7.811773107865314e-07,5.849836119288778e-07,1.669525413709906e-07
Link_63,7.779918254150726,76.13545424291516,7.779918555210998,2.8446002717943637e-08,7.000348682693911,7.000348317598862,7.779918105181434,76.13545420658187
Link_64,8.327258955365574,13.194447818397714,13.415923303310931,4.0656713516095444e-08,8.32725690979977,8.327258227514593,8.327258418384883,7.275508072768867e-07
Link_65,63.34190550072042,1.1614240732337165e-06,65.28505647662328,9.720557533796076e-08,65.28505623379145,9.126819420797543e-07,1.0698360480293681e-06,4.2405649136828227e-08
Link_66,53.511190691649674,8.327260631464174,8.327270791421153,3.6879399624142335e-08,8.32726056202509,3.7752908816173596e-07,2.3169495935389196e-06,8.327259720854022
Link_67,4.670529031087314,3.1762410009552984e-06,4.6705291503909905,5.422893848337705e-07,1.5771179825835097e-06,3.639041711768788e-08,2.382823182359116e-06,80.75407142611161
Link_68,56.00051690913973,57.658833684507734,57.658833717440736,2.8907812921006147e-08,56.00051685290387,1.1073633636236422e-07,5.173327010085761e-07,2.3315271565187266e-07
Link_69,3.0007095506322445e-06,13.194448686072064,3.5530406023159838e-06,8.629370358318827e-08,4.5471066527094557e-07,1.250423525356492e-06,6.361394274774408e-07,1.6088856925162623e-06
Link_70,16.284889156128358,9.900789955715952,16.284889309946454,2.8978960534692974e-08,16.284889085150905,9.121220094002524,9.900788979555156,3.046178434671882e-07
Link_71,7.957635767447714,8.10602962111345,8.106030053447567,5.836822941320417e-08,7.957635257808988,3.291712802811753,4.219670160782932,1.4587204377972654e-07
Link_72,2.4977470568632323,2.4977472940837204,3.428408050457793,5.894681282233521e-08,3.0013137991052084e-06,5.268178896973534e-07,7.976585277426622e-07,2.497746920291849
Link_73,8.327253523445204,41.9594057571318,10.27039659500435,8.519035829246289e-08,8.327252464831114,8.327252910131246,76.1776234086506,1.6553789212767342e-07
Link_74,1.9431591032691837,1.9431599998598355,1.9431610952296536,1.5904476132760583e-07,2.5219851141834544e-06,3.098191930813833e-08,5.926157152057207e-06,5.573813686219794e-06
Link_75,59.895290267758924,8.327260080708896,16.65451156097358,6.110610071990882e-08,16.654511451843653,8.327257486124784,8.327260584047485,8.327258714972245
Link_76,2.1831833252466696e-06,40.016253228981974,2.3052657761089044e-06,1.9514202552888372e-08,1.5890962733049804e-06,1.1960469666692765e-06,67.85036605668937,2.122609475357775e-06
